video_name,tag
Female1.mp4,Female
Female5.mp4,Female
Female7.mp4,Female
Female8.mp4,Female
Female10.mp4,Female
Female12.mp4,Female
Female13.mp4,Female
Female17.mp4,Female
Female18.mp4,Female
Female19.mp4,Female
Female21.mp4,Female
Female25.mp4,Female
Female26.mp4,Female
Female28.mp4,Female
Female29.mp4,Female
Female30.mp4,Female
Female32.mp4,Female
Female33.mp4,Female
Female34.mp4,Female
Female37.mp4,Female
Female38.mp4,Female
Female40.mp4,Female
Female42.mp4,Female
Female45.mp4,Female
Female46.mp4,Female
Female47.mp4,Female
Female48.mp4,Female
Female49.mp4,Female
Female51.mp4,Female
Female52.mp4,Female
Female53.mp4,Female
Female57.mp4,Female
Female61.mp4,Female
Female66.mp4,Female
Female67.mp4,Female
Female68.mp4,Female
Female69.mp4,Female
Female70.mp4,Female
Female72.mp4,Female
Female74.mp4,Female
Female75.mp4,Female
Female76.mp4,Female
Female79.mp4,Female
Female82.mp4,Female
Female83.mp4,Female
Female84.mp4,Female
Female85.mp4,Female
Female86.mp4,Female
Female88.mp4,Female
Female89.mp4,Female
Female90.mp4,Female
Female91.mp4,Female
Female93.mp4,Female
Female95.mp4,Female
Female96.mp4,Female
Female99.mp4,Female
Female101.mp4,Female
Female103.mp4,Female
Female104.mp4,Female
Female105.mp4,Female
Female108.mp4,Female
Female112.mp4,Female
Female113.mp4,Female
Female116.mp4,Female
Female117.mp4,Female
Female118.mp4,Female
Female119.mp4,Female
Female120.mp4,Female
Female121.mp4,Female
Female122.mp4,Female
Female123.mp4,Female
Female124.mp4,Female
Female125.mp4,Female
Female126.mp4,Female
Female130.mp4,Female
Female132.mp4,Female
Female134.mp4,Female
Female135.mp4,Female
Female136.mp4,Female
Female137.mp4,Female
Female138.mp4,Female
Female139.mp4,Female
Female141.mp4,Female
Female142.mp4,Female
Female144.mp4,Female
Female145.mp4,Female
Female146.mp4,Female
Female149.mp4,Female
Female151.mp4,Female
Female152.mp4,Female
Female154.mp4,Female
Female155.mp4,Female
Female158.mp4,Female
Female161.mp4,Female
Female162.mp4,Female
Female165.mp4,Female
Female166.mp4,Female
Female167.mp4,Female
Female168.mp4,Female
Female169.mp4,Female
Female170.mp4,Female
Female174.mp4,Female
Female176.mp4,Female
Female177.mp4,Female
Female178.mp4,Female
Female182.mp4,Female
Female184.mp4,Female
Female186.mp4,Female
Female188.mp4,Female
Female189.mp4,Female
Female190.mp4,Female
Female191.mp4,Female
Female192.mp4,Female
Female193.mp4,Female
Female200.mp4,Female
Female201.mp4,Female
Female202.mp4,Female
Female203.mp4,Female
Female204.mp4,Female
Female205.mp4,Female
Female206.mp4,Female
Female207.mp4,Female
Female208.mp4,Female
Female211.mp4,Female
Female213.mp4,Female
Female214.mp4,Female
Female215.mp4,Female
Female217.mp4,Female
Female219.mp4,Female
Female220.mp4,Female
Female221.mp4,Female
Female222.mp4,Female
Female223.mp4,Female
Female225.mp4,Female
Female227.mp4,Female
Female229.mp4,Female
Female230.mp4,Female
Female231.mp4,Female
Female232.mp4,Female
Female238.mp4,Female
Female240.mp4,Female
Female242.mp4,Female
Female244.mp4,Female
Female246.mp4,Female
Female247.mp4,Female
Female248.mp4,Female
Female249.mp4,Female
Female250.mp4,Female
Female251.mp4,Female
Female602.mp4,Female
Female603.mp4,Female
Female604.mp4,Female
Female607.mp4,Female
Female609.mp4,Female
Female610.mp4,Female
Female611.mp4,Female
Female614.mp4,Female
Female615.mp4,Female
Female616.mp4,Female
Female617.mp4,Female
Female618.mp4,Female
Female621.mp4,Female
Female623.mp4,Female
Female624.mp4,Female
Female625.mp4,Female
Female629.mp4,Female
Female630.mp4,Female
Female633.mp4,Female
Female634.mp4,Female
Female635.mp4,Female
Female636.mp4,Female
Female637.mp4,Female
Female641.mp4,Female
Female642.mp4,Female
Female643.mp4,Female
Female644.mp4,Female
Female645.mp4,Female
Female646.mp4,Female
Female648.mp4,Female
Female649.mp4,Female
Female650.mp4,Female
Female651.mp4,Female
Female652.mp4,Female
Female654.mp4,Female
Female657.mp4,Female
Female659.mp4,Female
Female660.mp4,Female
Female661.mp4,Female
Female662.mp4,Female
Female663.mp4,Female
Female664.mp4,Female
Female667.mp4,Female
Female668.mp4,Female
Female670.mp4,Female
Female671.mp4,Female
Female672.mp4,Female
Female673.mp4,Female
Female676.mp4,Female
Female677.mp4,Female
Female678.mp4,Female
Female680.mp4,Female
Female683.mp4,Female
Female684.mp4,Female
Female686.mp4,Female
Female687.mp4,Female
Female688.mp4,Female
Female692.mp4,Female
Female693.mp4,Female
Female696.mp4,Female
Female698.mp4,Female
Female700.mp4,Female
Female703.mp4,Female
Female704.mp4,Female
Female706.mp4,Female
Female708.mp4,Female
Female709.mp4,Female
Female710.mp4,Female
Female712.mp4,Female
Female713.mp4,Female
Female714.mp4,Female
Female716.mp4,Female
Female717.mp4,Female
Female718.mp4,Female
Female720.mp4,Female
Female722.mp4,Female
Female723.mp4,Female
Female724.mp4,Female
Female725.mp4,Female
Female726.mp4,Female
Female728.mp4,Female
Female733.mp4,Female
Female736.mp4,Female
Female738.mp4,Female
Female739.mp4,Female
Female740.mp4,Female
Female743.mp4,Female
Female748.mp4,Female
Female749.mp4,Female
Female750.mp4,Female
Female751.mp4,Female
Female752.mp4,Female
Female753.mp4,Female
Female754.mp4,Female
Female756.mp4,Female
Female758.mp4,Female
Female761.mp4,Female
Female762.mp4,Female
Female763.mp4,Female
Female764.mp4,Female
Female765.mp4,Female
Female766.mp4,Female
Female769.mp4,Female
Female771.mp4,Female
Female772.mp4,Female
Female773.mp4,Female
Female776.mp4,Female
Male0.mp4,Male
Male2.mp4,Male
Male3.mp4,Male
Male4.mp4,Male
Male6.mp4,Male
Male9.mp4,Male
Male11.mp4,Male
Male14.mp4,Male
Male15.mp4,Male
Male16.mp4,Male
Male20.mp4,Male
Male22.mp4,Male
Male23.mp4,Male
Male24.mp4,Male
Male27.mp4,Male
Male31.mp4,Male
Male35.mp4,Male
Male36.mp4,Male
Male39.mp4,Male
Male41.mp4,Male
Male43.mp4,Male
Male44.mp4,Male
Male50.mp4,Male
Male54.mp4,Male
Male55.mp4,Male
Male56.mp4,Male
Male58.mp4,Male
Male59.mp4,Male
Male60.mp4,Male
Male61.mp4,Male
Male62.mp4,Male
Male63.mp4,Male
Male64.mp4,Male
Male71.mp4,Male
Male73.mp4,Male
Male77.mp4,Male
Male78.mp4,Male
Male80.mp4,Male
Male81.mp4,Male
Male87.mp4,Male
Male92.mp4,Male
Male94.mp4,Male
Male97.mp4,Male
Male98.mp4,Male
Male100.mp4,Male
Male102.mp4,Male
Male106.mp4,Male
Male107.mp4,Male
Male109.mp4,Male
Male110.mp4,Male
Male111.mp4,Male
Male114.mp4,Male
Male115.mp4,Male
Male127.mp4,Male
Male128.mp4,Male
Male129.mp4,Male
Male131.mp4,Male
Male133.mp4,Male
Male140.mp4,Male
Male143.mp4,Male
Male147.mp4,Male
Male148.mp4,Male
Male150.mp4,Male
Male153.mp4,Male
Male156.mp4,Male
Male157.mp4,Male
Male159.mp4,Male
Male160.mp4,Male
Male163.mp4,Male
Male164.mp4,Male
Male171.mp4,Male
Male172.mp4,Male
Male173.mp4,Male
Male175.mp4,Male
Male179.mp4,Male
Male180.mp4,Male
Male181.mp4,Male
Male183.mp4,Male
Male185.mp4,Male
Male187.mp4,Male
Male194.mp4,Male
Male195.mp4,Male
Male196.mp4,Male
Male197.mp4,Male
Male198.mp4,Male
Male199.mp4,Male
Male209.mp4,Male
Male210.mp4,Male
Male212.mp4,Male
Male216.mp4,Male
Male218.mp4,Male
Male224.mp4,Male
Male226.mp4,Male
Male228.mp4,Male
Male233.mp4,Male
Male234.mp4,Male
Male235.mp4,Male
Male236.mp4,Male
Male237.mp4,Male
Male601.mp4,Male
Male605.mp4,Male
Male606.mp4,Male
Male608.mp4,Male
Male612.mp4,Male
Male613.mp4,Male
Male619.mp4,Male
Male620.mp4,Male
Male622.mp4,Male
Male626.mp4,Male
Male627.mp4,Male
Male628.mp4,Male
Male631.mp4,Male
Male632.mp4,Male
Male638.mp4,Male
Male639.mp4,Male
Male640.mp4,Male
Male647.mp4,Male
Male653.mp4,Male
Male655.mp4,Male
Male656.mp4,Male
Male658.mp4,Male
Male665.mp4,Male
Male666.mp4,Male
Male669.mp4,Male
Male674.mp4,Male
Male675.mp4,Male
Male679.mp4,Male
Male681.mp4,Male
Male682.mp4,Male
Male685.mp4,Male
Male689.mp4,Male
Male690.mp4,Male
Male691.mp4,Male
Male694.mp4,Male
Male695.mp4,Male
Male697.mp4,Male
Male699.mp4,Male
Male701.mp4,Male
Male702.mp4,Male
Male705.mp4,Male
Male707.mp4,Male
Male711.mp4,Male
Male715.mp4,Male
Male719.mp4,Male
Male721.mp4,Male
Male727.mp4,Male
Male729.mp4,Male
Male730.mp4,Male
Male731.mp4,Male
Male732.mp4,Male
Male734.mp4,Male
Male735.mp4,Male
Male737.mp4,Male
Male741.mp4,Male
Male742.mp4,Male
Male744.mp4,Male
Male745.mp4,Male
Male746.mp4,Male
Male747.mp4,Male
Male755.mp4,Male
Male757.mp4,Male
Male767.mp4,Male
Male768.mp4,Male
Male770.mp4,Male
Male774.mp4,Male
Male775.mp4,Male